Country,Geographic Cordinates,Latitude,longitude,Population,Number of Major Religions,GDP exchange rate,Infant mortality rate (deaths/1000 live births),Maternal mortality rate (deaths/10000 live births),Number of Languages,Languages
Afghanistan,"33 00 N, 65 00 E",33,65,34940837,2,20240000000,108.5,638,10,"Dari, Pashto, Uzbek, English, Turkmen, Urdu, Pashayi, Nuristani, Arabic, Balochi"
Albania,"41 00 N, 20 00 E",41,20,3057220,5,13070000000,11.6,15,8,"Albanian, Greek, Macedonian, Romani, Vlach, Turkish, Italian, Serbo-Croatian"
Algeria,"28 00 N, 3 00 E",28,3,41657488,3,1.68E+11,18.9,112,7,"Arabic, French, Berber or Tamazight; Taqbaylit, Tacawit, Mzab Berber, Tamahaq"
American Samoa,"14 20 S, 170 00 W",-14.2,-170,50826,3,658000000,10.8,,4,"Samoan, English, Tongan, Pacific islander"
Andorra,"42 30 N, 1 30 E",42.3,1.3,85708,1,2712000000,3.6,,4,"Catalan, French, Castilian, Portuguese"
Angola,"12 30 S, 18 30 E",-12.3,18.3,30355880,3,1.27E+11,65.8,241,11,"Portuguese, Umbundu, Kikongo, Kimbundu, Chokwe, Nhaneca, Nganguela, Fiote, Kwanhama, Muhumbi, Luvale"
Anguilla,"18 15 N, 63 10 W",18.15,-63.1,17422,13,175400000,3.3,,1,English  
Antigua and Barbuda,"17 03 N, 61 48 W",17.03,-61.48,95882,11,1524000000,11.7,,2,"English  , Antiguan creole"
Argentina,"34 00 S, 64 00 W",-34,-64,44694198,4,6.38E+11,9.5,39,25,"Spanish, English, Portuguese, Italian, Arabic, Quechua, German, Guarani, Catalan, Mapudungun, Chinese, Wichi, Vlax Romani, Japanese, Ukrainian, Aymara, Welsh, Mocovi, Mbya Guarani, Pilaga, Iyo'wujwa, Kaiwa, Nivacle, Plautdietsch, Wichi Lhamtes Nocten"
Armenia,"40 00 N, 45 00 E",40,45,3038217,4,11540000000,12.3,26,2,"Armenian   , Kurdish"
Aruba,"12 30 N, 69 58 W",12.3,-69.58,116576,8,2700000000,10.4,,7,"Papiamento, French, Arawak , Spanish , English, Dutch, Chinese"
Australia,"27 00 S, 133 00 E",-27,133,23470145,16,1.38E+12,4.2,6,8,"English , Mandarin , Arabic , Cantonese , Vietnamese , Italian , Greek , "
Austria,"47 20 N, 13 20 E",47.2,13.2,8793370,7,4.17E+11,3.4,5,7,"German  , Turkish , Serbian , Croatian, Slovene, southern Carinthia, Hungarian"
Azerbaijan,"40 30 N, 47 30 E",40.3,47.3,10046516,4,40670000000,23,26,3,"Azerbaijani, Russian , Armenian "
"Bahamas, The","24 15 N, 76 00 W",24.15,-76,332634,12,12160000000,11.1,70,2,"English  , Creole"
Bahrain,"26 00 N, 50 33 E",26,50.33,1442659,4,35330000000,8.8,14,4,"Arabic  , English, Farsi, Urdu"
Bangladesh,"24 00 N, 90 00 E",24,90,159453001,4,2.62E+11,30.5,173,11,"Bangla, Bishnupriya Manipuri, Chakma, Chittagonian, English, Hajong, Marma, Rohingya, Sylheti, Tangchangya, Urdu "
Barbados,"13 10 N, 59 32 W",13.1,-59.32,293131,16,4990000000,10,27,2,"English  , Bajan "
Belarus,"53 00 N, 28 00 E",53,28,9527543,3,54440000000,3.6,2,4,"Russian , Belarusian , Polish, Ukrainian "
Belgium,"50 50 N, 4 00 E",50.5,4,11570762,7,4.94E+11,3.4,5,3,"Dutch   , French   , German"
Belize,"17 15 N, 88 45 W",17.15,-88.45,385854,17,1854000000,12,36,6,"English   , Spanish , Creole , Maya   , German , Garifuna ,"
Benin,"9 30 N, 2 15 E",9.3,2.15,11340504,10,9246000000,51.5,397,10,"French, English, Fon, Yoruba, Aguna, Anii, Gwamhi-Wuri, Miyobe, Notre, Tchumbuli"
Bermuda,"32 20 N, 64 45 W",32.2,-64.45,71176,17,6127000000,2.5,,2,"English  , Portuguese"
Bhutan,"27 30 N, 90 30 E",27.3,90.3,766397,3,2405000000,30.3,183,4,"Sharchhopka , Dzongkha   , Lhotshamkha , English,"
Bolivia,"17 00 S, 65 00 W",-17,-65,11306341,4,37780000000,34.2,155,33,"Aymara, Araona, Baure, BÇsiro, Cavine§o, Ch†cobo, Chim†n, Chipaya, Ese Ejja, Guaran°, Guarayu, Itonama, Leco, Machajuyai-Kallawaya, Machineri, Maropa, Moje§o-Ignaciano, Moje§o-Trinitario, MorÇ, MosetÇn, Movima, Pacawara, Quechua, Sirion¢, Spanish, Tacana, TapietÇ, Toromona, Weenhayek, Yaminawa, Yuki, YuracarÇ, Zamuco"
Bosnia and Herzegovina,"44 00 N, 18 00 E",44,18,3849891,6,18170000000,5.4,10,3,"Bosnian, Serbian, Croatian"
Botswana,"22 00 S, 24 00 E",-22,24,2249104,8,17380000000,28.6,144,31,"Afrikaans, Ani, Birwa, Chichewa, English, Gana, Gciriku, Gwi, Hai||om, Herero, ?Hua, Ju|?hoansi, Kalanga, Kgalagadi, Khoekhoe, Khwedam, Kua, Kuhane, Kung-Ekoka, Lozi, Mbukushu, Nambya, Naro, Ndebele, Setswana, Shua, Tshuwau, Tswapong, !X¢?, Yeyi, Zezuru"
Brazil,"10 00 S, 55 00 W",-10,-55,208846892,11,2.06E+12,16.9,60,56,"Portuguese, Spanish, German, italian, Japanese, English, Arawa, Arikem, Aruak, Bororo, Chiquito, Guaikuru, Guato, Iranxe, Je, Juruna, Karaja, Karib, Katukina, Krenak, Maku, Mawe, Maxakali, Monde, Munduruku, Mura, Nambikwara, Ofaye, Purobora, Ramarama, Rikbaktsa, Tikuna, Tukana, Tupari, Tupi-Guarani, Txapakura, Yanomami, Yate, Aikana e Koaza, Aikane e Nambikwara, Aruak e Je, Aruak e Pano, Aruak e Tupi-Guarani, Je e Krenak, Je e Tupi- Guarani, Kanoe e Tupari, Katukina e Pano, Aruak, Crioulo Frances e Karib, Tukano e Tupi-Guarani, Monde e Tuari, Aweti, SaterÇ-MawÇ, Purubor†, Yathà, Macro-Jà"
British Virgin Islands,"18 30 N, 64 30 W",18.3,-64.3,35802,13,1028000000,11.7,,1,English  
Brunei,"4 30 N, 114 40 E",4.3,114.4,450565,4,12130000000,9.3,31,3,"Malay, English, Chinese dialects"
Bulgaria,"43 00 N, 25 00 E",43,25,7057504,7,56940000000,8.3,10,3,"Bulgarian   , Turkish , Romani "
Burkina Faso,"13 00 N, 2 00 W",13,-2,19742715,4,12570000000,54.7,320,23,"French, Bobo, Marka,Senoufo, Lobi, Dagara, Gourounsi,Bissa, Gourmantche, Mossi, Peul, Bwamu,Samo, Jalkunan, Kalamse, Khe, Khisa, Natioro, Pana, Pongu, Sininkere, Tiefo, Wara"
Burundi,"3 30 S, 30 00 E",-3.3,30,11844520,5,3396000000,57.4,250,4,"Kirundi, French, Swahili, English"
Cabo Verde,"16 00 N, 24 00 W",16,-24,568373,12,1776000000,21.1,548,2,"Portuguese, Krioulo"
Cambodia,"13 00 N, 105 00 E",13,105,16449519,4,22090000000,46.1,58,10,"Khmer, English, French, Cham, Vietnamese, Tumpoon, Lao, Jarai, Yue Chinese, Teochew Chinese"
Cameroon,"6 00 N, 12 00 E",6,12,25640965,6,34990000000,49.8,160,120,"English  , French, Abo, Afade, Aghem, Akoose, Akum, Ambele, Arabic,  Chadian, Atong, Awing, Babanki, Bafanji, Bafaw-balong, Bafia, Bafut, Baka, Bakoko, Bakole, Bakundu-balue, Bakweri, Baldamu, Balo, Balundu-bima, Bamali, Bambalang, Bambili, Bamenyam, BamilÇkÇ, Bamukumbit, Bamoun, Bamumbu, Bamunka, Bana, Bangandu, Bangolan, Bangwa, Bansop, Barombi, Bassa, Bassossi, Bata, Batanga, Bati, Bebe, Bebele, Bebil, Beezen, Befang, Bekwel, Beti, Bikya, Bishuo, Bitare, Bokyi, Bomwali, Bu, Bubia, Buduma, Bulu, Bumbung, Busam, Busuu, Buwal, Byep, Caka, Cung, Cuvok, Daba, Dama, Dek, Denya, Dii, Dimbong, Doyayo, Duala, Dugwor, Duli, Duupa, Dzodinka, Efik, Ejagham, Elip, Eman, Esimbi, Eton, Evand, Ewondo, Fali, Fang, Fe'fe', Fulfulde, Fungom, Gaduwa, Gavar, Gbaya, Ghomala, Guiziga, Hausa, Kenyang[17], Kotoko, Kwasio / Ngumba, Limbum, Mambila, Massa, Mousgoum, Mousseye, Medumba, Meta'a, Moghamo, Mundang, Nda'nda', Nso', Nweh, Tikar, Toupouri, WutÇ, Yabassi, Yamba "
Canada,"60 00 N, 95 00 W",60,-95,35881659,17,1.65E+12,4.5,529,35,"English   , French   , Punjabi , Italian , Spanish , German , Cantonese , Tagalog , Arabic , Cree, Inuktitut, Ojibwe, Montagnais-Naskapi (Innu), Dene Suline, Oji-Cree (Anishinini), Mi'kmaq, Siouan languages (Dakota/Sioux), Atikamekw, Blackfoot, T??ch? or Dogrib, Algonquin, Carrier, Gitksan, Chilcotin, North Slave (Hare), South Slave, Malecite, Chipewyan, Inuinnaqtun, Kutchin-Gwich?in (Loucheaux), Mohawk, Shuswap, Nisga'a, Tlingit, Atgangmuurngniq"
Cayman Islands,"19 30 N, 80 30 W",19.3,-80.3,59613,13,2250000000,5.7,10,3,"English   , Spanish , Filipino"
Central African Republic,"7 00 N, 21 00 E",7,21,5745062,4,1937000000,84.3,,37,"French  , Sango,Barambu, Pambia, Ngala of Santandrea, Geme, Nzakara, Zande, Central Banda, Mbandja, Mono, Ngbundu, South Banda, West Banda, Yangere, Bai, Belanda Viri, Feroge, Indri, Mangayat, Ndogo, Sere, Tagbu, Togoyo, Bangba, Baka, Gbanzili, Mayogo, Mbaka, Monzombo, MÅndÅ, Ngombe, Dongo, Ma, Mba, Ndunga, Ngbandi"
Chad,"15 00 N, 19 00 E",15,19,15833116,7,9872000000,71.7,829,68,"French  , Arabic  , Sara, Laal, Sango, Bidiyo, Buduma, DangalÇat, Gabri, HerdÇ, Kabalai, Kera, KimrÇ, Kwang, Lele, Marba, Masana, Masmaje, Mesme, Migaama, Mubi, Musey, Musgu, Nancere, PÇvÇ, Sokoro, Tobanga, Tumak, Tama , Sungor , Mararit , Daju, Shemya, Bernde, Bagirmi, Berakou, Disa, Gula, Jaya, Kenga, Naba, Fongoro, Barma, Beraku, Ngambay, Sara (18, Tedaga, Dazaga, Kanembu, Zaghawa, Maba, Massalit, Karanga, Kendeje, Marfa, Massalat, Surbakhal, Kibet, Runga, Mimi, Amdang, Goundo, Kim , Moundang, Toupouri, Bua,  Niellim,  Gula Iro"
Chile,"30 00 S, 71 00 W",-30,-71,17925262,6,2.77E+11,6.4,"1,140",21,"Spanish, English, Ayacucho Quechua, Aymara, Quechua, Huilliche, Mapudungun, Quechua, Rapa Nui, Cac†n, Chango, Chono, KawÇsqar/Alacaluf, Kunza, Ona/Selk'nam, Tehuelche, Yaghan, German, Haitian Creole, Chinese, Japanese"
China,"35 00 N, 105 00 E",35,105,1384688986,8,1.20E+13,11.8,13,15,"Mandarin, Chinese, Putonghua, Yue, Wu, Minbei, Minnan, Xiang, Gan, Hakka, Zhuang, Mongolian, Uighur, Kyrgyz, Tibetan"
Christmas Island,"10 30 S, 105 40 E",-10.3,105.4,2205,10,0,,29,6,"English   , Mandarin , Malay , Cantonese , Min Nan , Tagalog "
Cocos (Keeling) Islands,"12 30 S, 96 50 E",-12.3,96.5,596,5,0,,,2,"English , Malay  "
Colombia,"4 00 N, 72 00 W",4,-72,48168996,6,3.15E+11,13.2,,84,"Wayuunaiki, Achagua, Kurripako, Cabiyari, Maipure , Piapoco, Awa Pit, Barbacoa , Pasto , Sindagua , Coconucan , Guambiano, Totor¢, Bora, Mira§a, Muinane, Meneca-Murui, Nonuya, Ocaina, Yukpa, Op¢n-carare , Carijona, Ika (arhuaco), Kanku°, Kogui, Tayrona, Wiwa, Duit , Muisca , Guane , Tunebo, Bar°, Chimila, Kuna, Embera, Wounaan, HitnÅ, HitanÅ, Sikuani (Guahibo), Cuiba, Guayabero, Spanish, Portuguese, English, Kakwa, Nukak, Puinave, Yujup, Jupda, Quichua norte§o, Saliban, Piaroa, Koreguaje, Siona, Cubeo, Tanimuca, Piratapuya, Tucano, Wanano, Bar†, Desano, Siriano, Tatuyo, Tuyuca, Yurut°, Barasana, Carapana, Macuna, Andoque, Ticuna, Betoi , Cams†, Cof†n, Tinigua-pamigua , Paez, Andaqu° , Colima , Malib£ , Mocana , Muzo , Panche , Pijao , Yar°, Yur°"
Comoros,"12 10 S, 44 15 E",-12.1,44.15,821164,5,652000000,58.3,83,4,"Arabic, French, Shikomoro, "
Cook Islands,"21 14 S, 159 46 W",-21.14,-159.46,9038,9,299900000,12.6,273,3,"English, Cook Islands Maori , Pukapukan"
Costa Rica,"10 00 N, 84 00 W",10,-84,4987142,6,58270000000,7.8,473,8,"Spanish, English, MalÇku, CabÇcar, Bribri, Guna, Guaym°/NgÑbere, Buglere"
Cote d'Ivoire,"8 00 N, 5 00 W",8,-5,26260582,8,40470000000,62.6,378,51,"French, Aizi, BakwÇ, BÇtÇ, Dida, Glio-Ubi, GodiÇ, GuÇrÇ, Konobo, Kuya, Kwadia, Mobu, Nyabwa, Neyo, Siamou, Tiagba, WanÇ, WobÇ, AbÇ, Abidji, Abure, Adjukru, Alladian, Anyin, Apro, AttiÇ, Avikam, BaoulÇ, EbriÇ, Eotile, Esuma, Krobu, Mbato, Nzema, Bambara, Dan, Dyula, Guro, Maninka, Soninke, Cebaara, Djimini, Kar, Palaka, SÇnoufo, Tagwana, Cerma, Lobi, Mossi, Hausa, Lomakka"
Croatia,"45 10 N, 15 30 E",45.1,15.3,4270480,6,54760000000,9.1,,6,"Croatian, Serbian, Hungarian, Czech, Slovak, Albanian "
Cuba,"21 30 N, 80 00 W",21.3,-80,11116396,4,93790000000,4.4,27,2,"Spanish,  Haitian Creole"
Curacao,"12 10 N, 69 00 W",12.1,-69,150241,9,5600000000,7.3,617,4,"Papiamento, Dutch, Spanish, English"
Cyprus,"35 00 N, 33 00 E",35,33,1237088,10,21700000000,7.7,8,8,"Greek, Turkish, English, Romanian, Russian, Bulgarian, Arabic, filipino"
Czechia,"49 45 N, 15 30 E",49.45,15.3,10686269,4,2.16E+11,2.6,36,2,"Czech, Slovak"
Democratic Republic of the Congo,"0 00 N, 25 00 E",0,25,85281024,8,41440000000,66.7,,23,"Mashie, Mongo, Lunda, Kilega, Tetela, Chokwe, Budza, Ngbandi, Lendu, Mangbetu, Yombe, Nande, Ngbaka, Zande, Lugbara, Komo, Portuguese, Lingala, Swahili, Tshibula, Kikongo, Kituba, French"
Denmark,"56 00 N, 10 00 E",56,10,5809502,11,3.26E+11,3.2,6,5,"Danish, Faroese, Greenlandic, German, English "
Djibouti,"11 30 N, 43 00 E",11.3,43,884017,2,2029000000,44.3,3,4,"French  , Arabic  , Somali, Afar"
Dominica,"15 25 N, 61 20 W",15.25,-61.2,74027,13,557000000,10.3,4,2,"English  , French patois"
Dominican Republic,"19 00 N, 70 40 W",19,-70.4,10298756,5,76090000000,22.7,248,3,"Spanish , Haitian Creole, English"
Ecuador,"2 00 S, 77 30 W",-2,-77.3,16498502,14,1.04E+11,15.9,,15," Achuar?Shiwiar, Awa?Cuaiquer, Cha'palaachi, Cof†n, Colorado, Ember†, Media Lengua, Quechua, Secoya, Shuar, Spanish, Siona, Tetete, Waorani, Z†paro"
Egypt,"27 00 N, 30 00 E",27,30,99413317,7,2.37E+11,18.3,95,3,"Arabic, English, French"
El Salvador,"13 50 N, 88 55 W",13.5,-88.55,6187271,4,24810000000,16.3,59,2,"Spanish, Nawat "
Equatorial Guinea,"2 00 N, 10 00 E",2,10,797457,5,12490000000,63.3,37,8,"Spanish, French, Portuguese, English, Igbo, Pichi, Fang, Bubi"
Eritrea,"15 00 N, 39 00 E",15,39,5970646,4,5813000000,44.4,46,7,"Tigrinya  , Arabic  , English  , Tigre, Kunama, Afar,  Cushitic"
Estonia,"59 00 N, 26 00 E",59,26,1244288,9,25970000000,3.8,301,4,"Estonian, Russian, Ukrainian, "
Eswatini,"26 30 S, 31 30 E",-26.3,31.3,1087200,12,4417000000,46.6,480,2,"English, SiSwati  "
Ethiopia,"8 00 N, 38 00 E",8,38,108386391,6,80870000000,48.3,9,15,"Oromo, Amharic, Somali, Tigrigna, Sidamo , Wolaytta , Gurage, Afar, Hadiyya, Gamo , Gedeo , Opuuo , Kafa , English, Arabic "
Falkland Islands (Islas Malvinas),"51 45 S, 59 00 W",-51.45,-59,3198,4,206400000,,437,2,"English , Spanish "
Faroe Islands,"62 00 N, 7 00 W",62,-7,51018,4,2765000000,5.3,401,2,"Faroese, Danish "
Fiji,"18 00 S, 175 00 E",-18,175,926276,11,4891000000,9.3,,5,"English  , Fijian  , Hindi, Chinese, Rotuman"
Finland,"64 00 N, 26 00 E",64,26,5537364,4,2.53E+11,2.5,,21,"Finnish, Swedish, Russian, Karelian, Sami, Estonian, Arabic, Somali, English, Kurdish, Persian, Chinese, Albanian, Vietnamese, Thai, Turkish, Spanish, German, Polish, Hindi, Sinhala"
France,"46 00 N, 2 00 E",46,2,67654730,6,2.59E+12,3.2,34,26,"French, Provencal, Breton, Alsatian, Corsican, Catalan, Vasque, Flemish, Occitan, Picard, Creole, Mahorian, Polynesian, Chinese, Japanese, Hindi, English, Spanish, Italian, Arabic, Turkish, German, Polish, Portuguese, Vietnamese, Kurdish"
French Polynesia,"15 00 S, 140 00 W",-15,-140,290373,,4795000000,4.6,3,2,"French , Polynesia "
Gabon,"1 00 S, 11 45 E",-1,11.45,2119036,7,14930000000,32.9,8,6,"French, Fang, Myene, Nzebi, Bapounou, Bandjabi "
Gaza Strip,"31 25 N, 34 20 E",31.25,34.2,1836713,5,2938000000,16,,4,"Arabic, Hebrew, English, "
Georgia,"42 00 N, 43 30 E",42,43.3,4003000,10,15160000000,14.7,252,4,"Georgian, Azeri, Armenian, Russian"
Germany,"51 00 N, 9 00 E",51,9,80457737,7,3.70E+12,3.4,597,21,"German , Danish, Frisian, Sorbian, Romani , Turkish, Kurdish, Tamil, Russian, Arabic, Telugu, Greek, Hindi, Igbo, Polish, Serbo-Croatian, Italian, Portuguese, English, Spanish, Japanese"
Ghana,"8 00 N, 2 00 W",8,-2,28102471,8,47020000000,34.1,27,86,"Abron, Adangbe/Dangbe, Adele, Ahanta, Akan/Twi, Akposo, Animere, Anufo, Anyin, Avatime, Bimoba, Birifor,  Southern, Bisa, Buli, Chakali, Chala, Cherepon, Chumburung, Dagaare,  Southern, Dagbani, Dangme, Deg, Delo, Dompo, Dwang, English, êwÇ, Farefare, Fulfulde,  Maasina, Ga, Ghanaian Pidgin English, Ghanaian Sign Language, Gikyode, Gonja, Gua, Hanga, Hausa, Jwira-Pepesa, Kabiyä, Kamara, Kantosi, Kasem, Konkomba, Konni, Kplang, Krache, Kulango,  Bondoukou, Kulango,  Bouna, Kusaal, Lama, Larteh, Lelemi, Ligbi, Logba, Mampruli, Nafaanra, Nawdm, Nawuri, Nchumbulu, Nkami, Nkonya, Ntcham, Nyangbo, Nzema, Paasaal, Safaliba, Sehwi, Sekpele, Selee, Sisaala,  Tumulung, Sisaala,  Western, Siwu, Tafi, Tampulma, Tem, Tuwuli, Vagla, Wali, Wasa"
Gibraltar,"36 08 N, 5 21 W",36.08,-5.21,29461,9,2044000000,5.8,25,10,"English, Spanish, Italian, Portuguese, Hindi, Sindhi, Llanito, Maltese, Ligurian, Haketia"
Greece,"39 00 N, 22 00 E",39,22,10761523,5,2.01E+11,4.5,7,16,"Greek, English, French, Albanian, Arvanitika, Armenian, Aromanian, Megleno-Romanian, Macedonian, Bulgarian, Ladino, Romani, Russian, Turkish, Urum, Georgian"
Greenland,"72 00 N, 40 00 W",72,-40,57691,2,2221000000,8.7,308,4,"Greenlandic, Danish, English, "
Grenada,"12 07 N, 61 40 W",12.07,-61.4,112207,14,1119000000,9.4,,2,"English, French patois "
Guam,"13 28 N, 144 47 E",13.28,144.47,167772,2,5793000000,11.9,3,6,"English , Filipino , Chamorro ,  Pacific island languages , Asian languages ,   "
Guatemala,"15 30 N, 90 15 W",15.3,-90.15,16581273,3,75620000000,23.3,,24,"K?iche?, Q'eqchi', Kaqchikel, Mam, Poqomchi, Tz?utujil, Ach°, Q?anjob?al, Ixil, Akatek, Jakaltek, Chuj, Poqomam, Ch'orti', Awakatek, Sakapultek, Sipakapa, Spanish, Gar°funa, Uspantek, Tektitek, Mopan, Xincan languages, Itza"
Guernsey,"49 28 N, 2 35 W",49.28,-2.35,66697,6,2742000000,3.4,25,4,"English, French, Norman, Portuguese"
Guinea,"11 00 N, 10 00 W",11,-10,11855411,5,10250000000,55.3,,22,"French, Fula, MalinkÇ, Susu, Kissi, Kpelle, Toma, Badyara, Baga, Bambara, Bassari, Dan, Dyula, Landoma, Limba, Maninka, Mano, Pular, Sua, Wamey, Yalunka, Zialo"
Guinea-Bissau,"12 00 N, 15 00 W",12,-15,1833247,5,1350000000,54.8,95,8,"Portuguese, French, Guinea-Bissau Creole, Balanta, Fula, Mandjak, Mandinka, Papel"
Guyana,"5 00 N, 59 00 W",5,-59,740685,12,3561000000,29.5,,17,"English, Akawaio, Arawak, Atorada, Carib, Macushi, Mapidian, Patamona, Pemon, Waiwai, Wapishana, Warao, Portuguese, Spanish, Caribbean Hindustani, Chinese, Guyanese Creole"
Haiti,"19 00 N, 72 25 W",19,-72.25,10788440,9,8608000000,45.4,576,2,"French, Haitian Creole "
Holy See (Vatican City),"41 54 N, 12 27 E",41.54,12.27,1000,1,0,,667,5,"Italian, Latin, French, Spanish, English"
Honduras,"15 00 N, 86 30 W",15,-86.3,9182766,4,22980000000,16.7,667,16,"Spanish, Criollo garifuna, Pipil, Chorti, Jicaquean, Tolupan, Lenca hondureno, Sumo, Matagalpa, Miskito, Pech, Garifuna, Arabic, Armenian, Turkish, Yue Chinese"
Hong Kong,"22 15 N, 114 10 E",22.15,114.1,7213338,6,3.41E+11,2.7,480,18,"Cantonese, English, Mandarin, Arabic, Hindi, Vietnamese, Thai, Indonesian, Filipino, Korean, Japanese, German, French, Shanghainese, Taishanese, Minnab Chinese, Hakka, Chinese"
Hungary,"47 00 N, 20 00 E",47,20,9825704,6,1.39E+11,4.8,,6,"Hungarian, English, german, Russian, Romanian, French "
Iceland,"65 00 N, 18 00 W",65,-18,343518,9,24480000000,2.1,65,4,"Icelandic, English, Nordic languages, German"
India,"20 00 N, 77 00 E",20,77,1296834042,7,2.60E+12,37.8,,103,"Adi, Angami, Angika, Ao, Arabic, Assamese, Awadhi, Badaga, Bagheli, Bagri, Bajjika, Bengali, Bhili, Bhojpuri, Bodo, Bundeli, Chhattisgarhi, Dhundhari, Dimasa, Dogri, English, French, Garhwali, Garo, Gondi, Gujarati, Gurung, Halbi, Harauti, Haryanvi, Hindi, Hindi, Ho, Kamatapuri, Kangri, Kannada, Karbi, Kashmiri, Khandeshi, Kharia, Khasi, Khortha, Kodava, Kokborok, Kolami, Konkani, Konyak, Korku, Koya, Kui, Kumaoni, Kurmali, Kurukh, Kuvi, Ladakhi, Lambadi, Lepcha, Limbu, Lotha, Magahi, Magar, Maithili, Malayalam, Malto, Malvi, Marathi, Marwari, Meitei (Manipuri), Mewari, Mising, Mizo, Mundari, Nepali, Newari, Nimadi, Nishi, Odia, Phom, Punjabi, Rabha, Rai, Rajasthani, Rajbangshi, Sadri, Sanskrit, Santali, Sema, Sherpa, Sikkimese, Sindhi, Sora, Spanish, Sunwar, Surjapuri, Tamang, Tamil, Tangkhul, Telugu, Thadou, Tulu, Urdu, Varhadi, Wagdi"
Indonesia,"5 00 S, 120 00 E",-5,120,262787403,6,1.02E+12,21.9,12,308,"Acehnese, Balinese, Bamayo, Duano', Haji, Iban, Kangean, Kendayan, Keninjal, Kubu, Lubu, Loncong, Madurese, Malay, Bahasa Indonesia, Bangka, Banjar, Bengkulu, Berau, Col/Lembak, Jambi, Kaur, Jaring Halus, Kerinci, Kutai, Larantuka, Minangkabau, Palembang, Pekal, Pontianak, Javanese, Mualang, Sasak, Seberuang, Sumbawan, Sundanese, Komering, Lampung, Andio, Bada, Bahonsuai, Balaesang, Balantak, Banggai, Batui, Behoa, Boano, Bobongko, Bonerate, Bungku, Busoa, Cia-Cia, Dampelas, Dondo, Kalao, Kaili, Kaimbulawa, Kamaru, Kodeoha, Kulisusu, Kumbewaha, Lasalimu, Laiyolo, Lauje, Liabuku, Mbelala, Moronene, Mori Bawah, Mori Atas, Moma, Muna, Napu, Padoe, Pancana, Pendau, Rahambuu, Rampi, Saluan, Sarudu, Sedoa, Pamona, Taje, Tajio, Tukang Besi, Tolaki, Tomadino, Topoiyo, Tomini, Totoli, Uma, Waru, Wawonii, Wolio, Wotu, Batak Alas, Batak Angkola, Batak Dairi, Batak Karo, Batak Mandailing, Batak Simalungun, Batak Toba, Tausug, Enggano, Gayo, Mentawai, Nias, Simeulue, SikuleAralle-Tabulahan, Bambam, Bentong, Budong-Budong, Buginese, Campalagian, Coastal Konjo, Dakka, Duri, Embaloh, Enrekang, Highland Konjo, Kalumpang, Lemolang, Maiwa, Makassarese, Malimpung, Mamasa, Mamuju, Mandar, Panasuan, Pannei, Selayar, Seko Padang, Seko Tengah, Tae?, Talondo?, Taman, Toraja-Sa?dan, Ulumanda?, Ampanang, Bajaw, Bakumpai, Deyah, Kohin, Lawangan, Ma'anyan, Malang, Ngaju, Ot Danum, Ot Siang, Tunjung, Witu, Pakau, Aoheng, Aput, Bahau, Hovongan, Kayan, Krio, Modang, Punan Merah, Segai, Bakati?, Biatah, Bukar Sadong, Jangkang, Kembayan, Lara?, Nyadu?, Rejangese, Ribun, Sanggau, Sara, Semandang, Tringgus, Bah-Biau, Basap, Bukat, Bukitan, Kelabit, Kenyah, Mainstream, Lengilu, Lun Bawang, Murut, Okolod, Selungai, Sembakung, Tagol, Punan Merap, Punan Tubu, Sa'ban, Sajau, Tidung, Burusu, Kalabakan, Nonukan, Tausug, Bintauna, Bolango, Buol, Gorontaloan, Kaidipang, Lolak, Mongondow, Ponosakan, Suwawa, Tombulu, Tondano, Tonsawang, Tonsea, Tontemboan, Bantik, Ratahan, Sangirese, Talaud, Barakai, Batuley, Dobel, Karey, Koba, Kola-Kompane, Lola, Lorang, Manombai, Mariri, Tarangan, Ujir, Alune, Amahai, Ambelau, Asilulu, Banda, Bati, Benggoi, Boano, Bobot, Buru, Geser, Haruku, Hitu, Hoti, Huaulu, Hulung, Kaibobo, Kamarian, Laha, Larike-Wakasihu, Latu, Liana-Seti, Lisabata-Nuniali, Lisela, Loun, Luhu, Mangole, Manipa, Manusela, Masiwang, Naka'ela, Nuaulu, Nusa Laut, Paulohi, Salas, Saleman, Saparua, Seit-Kaitetu, Sepa-Teluti, Sula, Taliabo, Teor-Kur, Tulehu, Watubela, Wemale, Yalahatan, Adonara, Alorese, Ile Ape, Kedang, Lamaholot, Lamalera, Lamatuka, Levuka, Lewo Eleng, Lewotobi, Sika, South Lembata, West Lembata, Ambai, Ansus, Arguni, Bedoanas, Biak, Busami, Dusner, Erokwanas, Irarutu, Iresim, Kuri, Kurudu, Munggui, Marau, Meoswar, Mor, Pom, Papuma, Roon, Serui-Laut, Tandia, Wabo, Waropen, Wandamen, Woi, Yaur, Yeretuar, Fordata, Ambonese Malay, Baba Malay, Bandanese Malay, Bacanese Malay, Balinese Malay, Betawi, Gorap, Kupang Malay, Manado Malay, Makassar Malay, North Moluccan Malay, Papuan Malay, Javindo, Petjo, Mardijker, Pidgin Iha, Pidgin Onin, Portugis, Bidau Creole Portuguese, Cantonese, Fuzhounese, Hainanese, Hakka, Hokkien, Medan, Riau, Mandarin, Pu-Xian Min, Teochew, Arabic, English, French, Spanish, PortugueseKei, Onin, Sekar, Uruangnirin, Yamdena, Selaru, Seluwasan, Anakalangu, Baliledo, Bima, Dhao, Ende-Li'o-Ke'o-Nage, Gaura, Hawu, Kambera, Kodi, Komodo, Lamboya, Mamboru, Manggarai, Ngadha, Palu'e, Pondok, Rajong, Rembong, Riung, Rongga, So'a, Kepo', Wae Rana, Wanukaka, Wejewa, Tetum, Uab Meto, Amarasi, Baikeno, Bekais, Bilba, Dai, Dawera-Daweloor, Dela-Oenale, Dengka, East Damar, Emplawas, Helong, Imroing, Kisar, Leti, Lole, Luang, Masela, Nila, North Babar, Ringgou, Romang, Serili, Serua, Southeast Babar, Tela'a, Termanu, Te'un, Tii, West Damar, Wetar, Anus, Bonggo, Kayupulau, Liki, Masimasi, Ormu, Podena, Kaptiau, Sobei, Tarpia, Tobati, Wakde, Yamna, Kowiai, Abui, Abun, Adang, Aghu, Airoran, Asmat, Auye, Bagusa, Baham, Baropasi, Bauzi, Bayono-Awbono, Berik, Betaf, Bimin, Blagar, Bonerif, Bunak, Burate, Burmeso, Burumakok, Buruwai, Citak, Dabe, Dao, Demisa, Demta, Dineor, Ekari, Faiwol, Galela, Gamkonora, Grand Valley Dani, Hattam, Hupla, Iha, Isirawa, Itik, Iwur, Jofotek-Bromnya, Kaera, Kafoa, Kalabra, Kamang, Kamberau, Kamoro, KanumKaras, Kauwera, Kehu, Keijar, Klon, Kofei, Kombai, Kombai?Wanggom, Komyandaret, Koneraw, Kopka, Kopkaka, Korowai, Kui, Kula, Kuwani, Kwerba Mamberamo, Kwerba, Kwesten, Kwinsu, Loloda, Maklew, Mander, Mandobo, Mawes, Maybrat, Meax, Meninggo, Mian, Modole, Moi, Mombum, Momina, Momuna, Moni, Moraid, Mpur, Muyu, Nafri, Nakai, Nduga, Nedebang, Ngalum, Nggem, Ninggerum, Nisa-Anasi, Oksapmin, Orya, Pagu, Pisa, Retta, Sahu, Samarokena, Saponi, Sauri, Sause, Saweru, Sawi, Sawila, Seget, Sempan, Sentani, Setaman, Shiaxa, Silimo, Skou, Sougb, Suganga, Tabaru, Tabla, Tangko, Tause, Tefaro, Tehit, Teiwa, Telefol, Ternate, Tidore, Tifal, Tobelo, Trimuris, Tsaukambo, Tunggare, Urapmin, Vitou, Waioli, Walak, Wambon, Wano, Wares, Wersing, West Makian, Western Dani, Western Pantar, Wolani, Woria, Yali, Yawa, Yelmek, Yonggom, "
Iran,"32 00 N, 53 00 E",32,53,83024745,6,4.31E+11,15.5,4,8,"Persian, Azeri Turkic, Kurdish, Gilaki, Mazandarani, Luri, Balochi, Arabic"
Iraq,"33 00 N, 44 00 E",33,44,40194216,7,1.92E+11,37.5,145,5,"Arabic, Kurdish, Turkmen, Syriac, Armenian "
Ireland,"53 00 N, 8 00 W",53,-8,5068050,8,3.32E+11,3.6,177,4,"English, Irish, Gaeltachtai, "
Isle of Man,"54 15 N, 4 30 W",54.15,-4.3,89407,6,6792000000,4,16,2,"English, Manx Gaelic "
Israel,"31 30 N, 34 45 E",31.3,34.45,8424904,5,3.51E+11,3.4,79,4,"Hebrew, Arabic, English, "
Italy,"42 50 N, 12 50 E",42.5,12.5,62246674,4,1.94E+12,3.2,5,17,"Italian, German, Romanian, Arabic, Albanian, Spanish, Italian, Chinese, Russian, Ukrainian, French, Bosnian, Croatian, Montenegrin, Serbian, Polish, Hindi"
Jamaica,"18 15 N, 77 30 W",18.15,-77.3,2812090,19,14770000000,12.4,,2,"English, English patois "
Japan,"36 00 N, 138 00 E",36,138,126168156,4,4.87E+12,2,3,1,Japanese
Jersey,"49 15 N, 2 10 W",49.15,-2.1,99602,6,5004000000,3.7,2,2,"English, Portuguese "
Jordan,"31 00 N, 36 00 E",31,36,10458413,13,40130000000,13.7,80,2,"Arabic, English "
Kazakhstan,"48 00 N, 68 00 E",48,68,18744548,5,1.59E+11,19,5,3,"Kazakh, Russian, English"
Kenya,"1 00 N, 38 00 E",1,38,48397527,8,79220000000,36.1,,18,"English, Swahili, Kikuyu, Kamba, Ekegusii, Meru, Oluluhyia, Kipokomo, Kigiryama, Kiembu, Dholuo, Kalenjin, Maasai, Turkana, Rendille, Somali, Arabic, Hindustani"
Kiribati,"1 25 N, 173 00 E",1.25,173,109367,6,197000000,31.1,46,2,"I-Kiribati, English "
Kosovo,"42 35 N, 21 00 E",42.35,21,1907592,6,7094000000,,10,5,"Albanian, Bosnian, Serbian, Turkish, Romani "
Kuwait,"29 30 N, 45 45 E",29.3,45.45,2916467,3,1.21E+11,6.8,342,4,"Arabic, English, Malayalam, Filipino"
Kyrgyzstan,"41 00 N, 75 00 E",41,75,5849296,5,7565000000,25,92,6,"Kyrgyz, Uzbek, Russian, English, French, German"
Laos,"18 00 N, 105 00 E",18,105,7234171,4,16970000000,48.4,89,3,"Lao, French, English"
Latvia,"57 00 N, 25 00 E",57,25,1923559,6,30330000000,5.1,11,5,"Latvian, Russian, Polish, Ukrainian, Belarussian
 "
Lebanon,"33 50 N, 35 50 E",33.5,35.5,6100075,9,54180000000,7.2,,4,"Arabic, French, English, Armenian"
Lesotho,"29 30 S, 28 30 E",-29.3,28.3,1962461,6,2749000000,44.6,12,4,"Sesotho, English, Zulu, Xhosa"
Liberia,"6 30 N, 9 30 W",6.3,-9.3,4809768,5,3285000000,50.6,60,31,"English, Kisi, Merico, Bandi, Dan, Kpelle, Loma, Maninka, Mann, Manya, Mende, Vai, Bassa, Dewoin, Gbii, Glaro-Twabo, Glio-Oubi, Grebo, Klao, Krahn, Krumen, Kuwaa, Sapo, Tajuasohn, Gola, , , , , , "
Libya,"25 00 N, 17 00 E",25,17,6754507,8,30570000000,10.5,185,12,"Arabic, Berber, Awjilah, Ghadamäs, Nafusi, Sawknah, Tamahaq, Tamasheq, Zuwara, Domari, Tebu, Tedaga"
Liechtenstein,"47 16 N, 9 32 E",47.16,9.32,38547,10,6672000000,4.2,19,4,"German, Italian, Turkish, Portuguese"
Lithuania,"56 00 N, 24 00 E",56,24,2793284,11,47260000000,3.8,29,3,"Lithuanian, Russian, Polish"
Luxembourg,"49 45 N, 6 10 E",49.45,6.1,605764,7,62530000000,3.4,544,6,"Luxembourgish, Portuguese, French, German, Italian, English "
Macau,"22 10 N, 113 33 E",22.1,113.33,606340,4,50360000000,3.1,661,6,"Cantonese , Mandarin ,  Chinese, Tagalog , English , Portuguese "
Madagascar,"20 00 S, 47 00 E",-20,47,25683610,3,11500000000,40.1,72,4,"French, Malagasy, English, "
Malawi,"13 30 S, 34 00 E",-13.3,34,19842560,10,6240000000,42.1,,12,"English, Chichewa, Chinyanja, Chiyao, Chitumbuka, Chilomwe, Chinkhonde, Chingoni, Chisena, Chitonga, Chinyajyusa, Chilambya"
Malaysia,"2 30 N, 112 30 E",2.3,112.3,31809660,10,3.12E+11,12.1,5,159,"Abai, Bahau, Bajaw, Balau, Belait, Berawan, Biatah, Bintulu, Bonggi, Bookan, Brunei Malay, Brunei Bisaya, Bukar Sadong, Bukitan, Coastal Kadazan, Cocos Malay, Central Dusun, Daro-Matu, Dumpas, Dusun, Eastern Kadazan, Gana', Iban, Ida'an, Iranun, Jagoi, Jangkang, Kajaman, Kalabakan, Kanowit, Kayan (Baram), Kelabit, Kendayan, Keningau Murut, Kinabatangan, Kimaragang, Kiput, Klias River Kadazan, Kota Marudu Talantang, Kuijau, Lahanan, Lelak, Lengilu, Lotud, Lun Bawang, Lundayeh, Mainstream Kenyah, Maranao, Melanau, Minokok, Molbog, Murik Kayan, Narom, Nonukan Tidong, Okolod, Paluan, Papar, Penan, Punan Batu, , Remun, Rungus, Sa'ban, Sabah Bisaya, Sabah Malay, Sama, Sarawak Malay, Sebop, Sebuyau, Sekapan, Selungai Murut, Sembakung, Seru, Serudung, Sian, Sungai, Sugut Dusun, Tatana', Tausug, Tagol, Timugon, Tombonuwo, Tring, Tringgus, Tutoh, Ukit, Uma' Lasan, , , , Arabic, Burmese, Filipino, Japanese, Khmer, Korean, Gujarati, Hindi, Bengali, Malayalam, Punjabi, Tamil, Telugu, Urdu, Cantonese, Foochow, Hakka, Hainanese, Hokkien, Mandarin, Min Bei, Teochew, Acehnese, Banjarese, Buginese, Cham, Javanese, Kerinci, Mandailing, Minangkabau, Baba Malay, Batek, Chitty Malay, Cheq Wong, Duano', Jah Hut, Jahai, Jakun, Jedek, Kedah Malay, Kelantan Malay, Kenaboi, Kensiu, Kintaq, Kristang, Lanoh, Malay (Malaysian), Mah Meri, Manglish, Minriq, Mintil, Negeri Sembilan Malay, Orang Kanaq, Orang Seletar, Pahang Malay, Perak Malay, Rawa Malay, SabÅm, Semai, Semaq Beri, Semelai, Semnam, Southern Thai, Temiar, Ten'edn/Mos, Temoq, Temuan, Terengganu Malay, Wila"
Maldives,"3 15 N, 73 00 E",3.15,73,392473,1,4505000000,21.3,5,2,"Dhivehi, English "
Mali,"17 00 N, 4 00 W",17,-4,18429893,4,15370000000,67.6,,14,"French, Bambara, Peuhl, Foulfoulbe, Dogon, Maraka, Soninke, Malinke, Sonrhai, Djerma, Minianka, Tamacheq, Senoufo, Bobo"
Malta,"35 50 N, 14 35 E",35.5,14.35,449043,1,12580000000,4.7,335,2,"Maltese, English "
Marshall Islands,"9 00 N, 168 00 E",9,168,75684,14,222000000,18.7,349,1,Marshallese
Mauritania,"20 00 N, 12 00 W",20,-12,3840429,1,4935000000,50.5,29,5,"Arabic, Pular, Soninke, Wolof, French "
Mauritius,"20 17 S, 57 33 E",-20.17,57.33,1364283,7,13330000000,9.5,53,4,"Creole, Bhojpuri, French, "
Mayanmar,"22 00 N, 98 00 E",22,98,55622506,6,67280000000,34.4,562,97,"Burmese, English, Shan,  Karen, Kachin, Mon,Anu-Hkongso, Shî, Bawm, Daai, Khumi, Falam, Hakha Chin, Kaang, Laitu, Lautu, Mara, matu, Mizo, MÅn, Ngawn, Welaung, Rungtu, Senthang, Sizang, Songlai, Sumtu, Tawr, Tedim, Thadou, Thaiphum, Zotung, Zyphe, Akeu, Akha, Anal, Nung, Sak, Derung, Hpon, Kadu, Ganan, Kayaw, Red Karen, Padaung, Kayaw, Lashi, Lahta, Lahu, Lhao Vo, Lisu, Mru, Mro, Akyaung Ari, Kayaw, Eastern Pwo, Western Pwo, Para, Khiamniungan, Koki, Konyak, Leinong, Tangsa, Long Phuri, Makury, Ponyo, Tangkhul, Tangsa, Achang, Nusu, Pa'o, Pyen, Arakanese, Rawang, Riang, Taman, Khams Tibetan, Geko Karen, Zaiwa, Nepali, Zou, Blang, Danau, Muak Sa-aak, Palaung, Riang, Tai Loi, Wa, Khamti, KhÅn, Tai Lue, Tai Laing, Tai Nuea, Kedah Malay, Moken, Hmong, Chakma"
Mexico,"23 00 N, 102 00 W",23,-102,125959205,7,1.15E+12,11.3,6,70,"Plautdietsch, Venetian, English, French, Basque, Catalan, Hebrew, Arabic, Chinese, Pame, Mam, Chontal of Oaxaca, Chuj, Tacuate, Chichimeca Jonaz, Huarij°o, Chocho, Pima Bajo, Q'eqch°, Lacand¢n, Jakaltek, Matlatzinca, Seri, Ixcatec, K'iche', Kaqchikel, Paipai, Cucap†, Mototzintleco, Kumiai, P†pago, Kikap£, Ixil, Cochim°, Kiliwa, Aguacatec, Tlapanec, Tarahumara, Amuzgo, Chatino, Tojolab'al, Sierra Popoluca, Chontal de Tabasco, Huichol, Mayo, Tepehu†n, Trique, Cora, Popolocan, Huave, Cuicatec, Yaqui, Q'anjob'al, Tepehua, Spanish, Nahuatl, Yucatec Maya, Mixtec, Zapotec, Tzeltal Maya, Tzotzil Maya, Otom°, Totonac, Mazatec, Ch'ol, Huastec, Chinantec, Mixe, Mazahua, PurÇpecha"
"Micronesia, Federated States of","6 55 N, 158 15 E",6.55,158.15,103643,9,328000000,19.1,,9,"English, Chuukese, Kosrean, Pohnpeian, Yapese, Ulithian, Woleaian, Nukuoro, Kapingamarangi"
Moldova,"47 00 N, 29 00 E",47,29,3437720,4,9556000000,11.7,766,8,"Moldovan, Romanian, Russian, Gagauz, Ukrainian, Bulgarian, Romani, "
Monaco,"43 44 N, 7 24 E",43.44,7.24,30727,2,6006000000,1.8,61,4,"French, English, Italian, Monegasque"
Mongolia,"46 00 N, 105 00 E",46,105,3103428,5,11140000000,20.5,33,3,"Mongolian, Turkic, Russian"
Montenegro,"42 30 N, 19 18 E",42.3,19.18,614249,6,4784000000,,88,5,"Serbian, Montenegrin, Bosnian, Albanian, Serbo-Croat "
Montserrat,"16 45 N, 62 12 W",16.45,-62.12,5315,10,167400000,11.9,19,1,English
Morocco,"32 00 N, 5 00 W",32,-5,34314130,5,1.09E+11,21.1,,5,"Arabic, Tamzight, Tachelhit, Tarifit, French "
Mozambique,"18 15 S, 35 00 E",-18.15,35,27233789,8,12590000000,64,45,10,"Emakhuwa, Portuguese, Xichangana, Cinyanja, Cisena, Elomwe, Echuwabo, Cindau, Xitswaa, Mozambican "
Namibia,"22 00 S, 17 00 E",-22,17,2533224,2,13240000000,33.8,6,9,"Oshiwambo, Nama/Damara , Kavango, Afrikaans, Herero, Zambezi, English, German, San"
Nauru,"0 32 S, 166 55 E",-0.32,166.55,9692,9,114000000,7.7,,4,"Nauruan, English, i-kiribati, Chinese"
Nepal,"28 00 N, 84 00 E",28,84,29717587,7,24880000000,26.9,70,47,"Nepali, Bahing, Bantawa, Belhare, Chamling, Limbu, Sampang, Sunwar, Thulung, Vayu, Waling, Yakkha, Bhujel, Chepang, Dura, Kham, Magar, Jirel, Kagate, Kyirong, Mugomt, Naapa, Nubri, Sherpa, Sikkimese, Yolmo, Baram, Dhimal, Kaike, Lepcha, Newar, Raji, Raute, Thangmi, Angika, Awadhi, Bhojpuri, Danwar, Doteli, Jumli, Maithili, Marwari, Rangpuri, Tharu, Kochila, Hindi, English"
Netherlands,"52 30 N, 5 45 E",52.3,5.45,17151228,8,8.32E+11,3.5,289,8,"Dutch, Frisian, Low Saxon, Limburgish, Romani, Yiddish, English, Papiamento"
New Caledonia,"21 30 S, 165 30 E",-21.3,165.3,282754,3,9770000000,5.2,195,38,"Caac, Cämuhå, Drehu, FwÉi, Haveke, Iaai, Jawe, Kumak, Nemi, Nengone, NyÉlayu, Paicå, Pije, Pwaamei, PwapwÉ, Vamale, Yuanga, Ajiâ, ArhÉ, Arhî, Ndrumbea, Neku, Numää, Orowe, Såchâ, Tårå, XÉrÉcóó, XÉrÉgurä, Haeke, West Uvean, French, Vietnamese, Indonesians, Filipino, , , , "
New Zealand,"41 00 S, 174 00 E",-41,174,4545627,17,2.01E+11,4.4,,8,"English, Maori, Samoan, Northen Chinese, Hindi, French, Yue, "
Nicaragua,"13 00 N, 85 00 W",13,-85,6085213,4,13810000000,17.7,186,9,"Spanish, Miskito, Mestizo, English, Sumo, Rama, Chinese, Arabic, Garifuna"
Niger,"16 00 N, 8 00 E",16,8,19866231,4,8224000000,79.4,5,3,"French, Hausa, Djerma"
Nigeria,"10 00 N, 8 00 E",10,8,203452505,4,3.76E+11,63.3,,307,"Abanyom, Nsukka, Abon, Abong, Ab?, Ba'ban, Abua, Abureni, Achipa, Adim, Aduge, Adun, Afade, Afo, Afrikaans, Afrike, Gbo, Ajawa, Akaju-Ndem, Akweya-Yachi, Alago, Amo, Anaguta, Anang, Obolo, Angas, Ankwei, Anyima, Arabic, Attakar, Auyoka, Awori, Ayu, Babur, Bachama, Bachere, Bada, Bade, Bahumono, Bakulung, Bali, Bambora, Bambuko, Banda, Banka, Banso, Bara, Barke, Baruba, Bashiri, Basa, Batta, Baushi, Baya, Bekwarra, Bele (Buli, Belewa), Betso (Bete), Bette, Bilei, Bille, Bina (Binawa), Bini, Birom, Bobua, Boki (Nki), Bkkos, Boko (Bussawa, Bargawa), Bole (Bolewa), Botlere, Boma (Bomawa, Burmano), Bomboro, Buduma Borno, Buji, Buli, Bunu, Bura, Burak, Burma (Burmawa), Buru, Buta (Butawa), Bwall, Bwatiye, Bwazza, Challa, Chama (Chamawa Fitilai), Chamba, Chamo, Chibok (Chibbak), Chinine, Chip, Chokobo, Chukkol, Cipu, Daba, Dadiya, Daka, Dakarkari, Danda (Dandawa), Dangsa, Daza (Dere, Derewa), Degema, Deno (Denawa), Dghwede, Diba, Doemak (Dumuk), Ouguri, Duka (Dukawa), Duma (Dumawa), Ebana (Ebani), Ebirra, Ebu, Efik, Egbema, Igede (lgede), Eggon, Egun (Gu), Ejagham, Ekajuk, Eket, Ekoi, Ekpeye, Engenni (Ngene), Epie, Esan (Ishan), Etche, Etolu (Etilo), Etsako, Etung, Etuno, Palli, Pulani (Pulbe), French, Fyam (Fyem), Fyer (Fer), Ga?anda, Gade, Galambi, Gamergu, Qanawuri, Gavako, Gbedde, Gengle, Geji, Gera (Gere, Gerawa), Geruma (Gerumawa), Gingwak, Gira, Gizigz, Goernai, Gokana (Kana), Gombi, Gornun (Gmun), Gonia, Gubi (Gubawa), Gude, Gudu, Gure, Gurmana, Gururntum, Gusu, Gwa, Gwamba, Gwandara, Gwari (Gbari), Gwom, Gwoza, Gyem, Hausa, Holma, Hona, Hyam (Ham, Jaba, Jabba), Ibeno, Ibibio, Ichen, Idoma, Igala, lgbo, Ijaw, ljumu, Ikorn, Irigwe, Isoko, lsekiri (Itsekiri), lyala (lyalla), Izere, lzondjo), Jahuna (Jahunawa), Jaku, Jara (Jaar Jarawa Jarawa-Dutse), Jere (Jare, Jera, Jera, Jerawa) Bauchi,, Jero, Jibu, Jidda-Abu, Jimbin (Jimbinawa), Jirai, Jonjo (Jenjo), Jukun, Kaba (Kabawa), Kadara, Kafanchan, Kagoro, Jju, Kajuru (Kajurawa), Kaka, Kamaku (Karnukawa), Kambari, Kamwe, Kamo, Kanakuru (Dera), Kanembu, Kanikon, Kantana, Kanufi Bomo, Karekare (Karaikarai), Karimjo, Kariya, Katab (Kataf), Kenern (Koenoem), Kenton, Kiballo (Kiwollo), Kilba, Kirfi (Kirfawa), Koma, Kona, Koro (Kwaro), Kubi (Kubawa), Kudachano (Kudawa), Kugama, Kulere (Kaler), Kunini, Kurama, Kurdul, Kushi, Kuteb, Kutin, Kwalla, Kwami (Kwom), Kwanchi, Kwanka (Kwankwa), Kwaro, Kwato, Kyenga (Kengawa), Laaru (Larawa), Lakka, Lala, Lama, Lamja, Lau, Ubbo, Limono, Lopa (Lupa, Lopawa), Longuda (Lunguda), Mabo, Mada, Mama, Mambilla, Manchok, Mandara, Manga, Margi, Matakam, Mbembe, Mbol, Mbube, Mbula, Mbum, Memyang (Meryan), Miango, Miligili (Migili), Miya (Miyawa), Mobber, Montol, Moruwa (Moro?a, Morwa), Muchaila, Mumuye, Mundang, Mupun, Mushere, Mwahavul (Mwaghavul), Ndoro, Ngamo, Ngizim, Ngweshe (Ndhang.Ngoshe-Ndhang), Ningi (Ningawa), Ninzam (Ninzo), Njayi, Nkim, Nkum, Nokere (Nakere), Nunku, Nupe, Nyandang, Ogbia, Ododop, Ogori, Okobo (Okkobor), Okpamheri, Olulumo, Oron, Owan, Owe, Oworo, Pa?a (Pa?awa Afawa), Pai, Panyam, Pero, Pire, Pkanzom, Poll, Polchi Habe, Pongo, Potopo, Pyapun (Piapung), Qua, Rebina (Rebinawa), Reshe, Rindire (Rendre), Rishuwa, Ron, Rubu, Rukuba, Rumada, Rumaya, Sakbe, Sanga, Sate, Saya (Sayawa Za?ar), Segidi (Sigidawa), Shanga (Shangawa), Shangawa (Shangau), Shan-Shan, Shira (Shirawa), Shomo, Shuwa, Sikdi, Siri (Sirawa), Srubu (Surubu), Sukur, Sura, Tangale, Tarok, Teme, Tera (Terawa), Teshena (Teshenawa), Tigon, Tikar, Tiv, Tula, Tur, Ufia, Ukelle (Kukelle), Ukwani (Kwale), Uncinda, Uneme (Ineme), Ura (Ula), Urhobo, Utonkong, Uyanga, Vemgo, Verre, Vommi, Wagga, Waja, Waka, Warja (Warja), Warji, Wula, Wurbo, Wurkun, Yache, Yagba, Yakurr (Yako), Yalla, Yandang, Yergan (Yergum), Yoruba, Yott, Yumu, Yungur, Yuom, Zabara, Zaranda, Zarma, Zayam (Zeam), Fulfulde, Zul (Zulawa)"
Niue,"19 02 S, 169 52 W",-19.02,-169.52,1618,8,10010000,,9,2,"Niuean, English "
Norfolk Island,"29 02 S, 167 57 E",-29.02,167.57,1748,8,0,,198,3,"English, Norfolk, Fijian"
North Korea,"40 00 N, 127 00 E",40,127,25381085,2,28000000000,21.4,509,1,Korean
North Macedonia,"41 50 N, 22 00 E",41.5,22,2118945,4,11370000000,7.8,917,7,"Macedonian   , Albanianˇ, Turkish , Romani , Serbian ,  Aromanian, Bosnian"
Northern Mariana Islands,"15 12 N, 145 45 E",15.12,145.45,51994,2,1242000000,12.3,,6,"Philippino , Chamorro, English, Chinese, Vietnamese, Arabic"
Norway,"62 00 N, 10 00 E",62,10,5372191,6,3.99E+11,2.5,,5,"Bokmal Norwegian, Nynorsk Norwegian, Sami, Finnish, Lule "
Oman,"21 00 N, 57 00 E",21,57,4613241,7,70780000000,12.4,7,11,"Arabic, English, Baluchi, Swahili, Urdu, Hindi, Tamil, Teluhu, Malayalam, Punjabi, Sinhala"
Pakistan,"30 00 N, 70 00 E",30,70,207862518,3,3.05E+11,50.4,,10,"Punjabi, Sindhi, Saraiki, pastho, urdu, Balochi, Hindko, Brahui, English, Burushaski "
Palau,"7 30 N, 134 30 E",7.3,134.3,21516,9,292000000,10.3,2,9,"Palauan, Micronesian, English, Flilipino, Chinese, Sonsoralese, Tobian, Angaur, Japanese "
Panama,"9 00 N, 80 00 W",9,-80,3800644,2,61840000000,9.6,19,17,"Spanish, Ngabere, buglere, kuna, Embera, Wounaan, Naso, Bri Bri, Panamanian English Creole, English, Yue, Hakka, Arabic, French Creole Yiddish, hebrew, Korean, Japanese"
Papua New Guinea,"6 00 S, 147 00 E",-6,147,7027332,12,19820000000,35.3,140,160,"English, Hiri Motu, Tok Pisin, Adzera, Amanab, Awad Bing, Barok, Bimin, Bola, Bugawac, Dedua, Dobu, IatmÅl, KÉte, Kobon, Kovai, Kuanua, Kuman, Kuot, Kurti, Lihir, Mandara, Mangseng, Mbula, Mende, Mussau-Emira, Mutu, Nekgini, Ngaing, Niwer Mil, Nobonob, Numanggang, Nyindrou, Pele-Ata, Petats, Ramoaaina, Seimat, Solong, Somba-Siawari, Suau, Sulka, Tangga, Tobo, Uneapa, Ura, Vitu, Waris, Awin, Pa, , Akoye, Angaataha, Ankave, Hamtai, Kamasa, Kawacha, Menya, Safeyoka, Simbari, Susuami, Tainae, Yagwoia, Yipma, Baruga, Binandere, Ewage, Korafe, Orokaiva, Suena, Yekora, Zia, Aimele, Beami, Edolo, Kaluli, Kasua, Onobasulu, Sonia, Chuave, Dom, Golin, Kandawo, Kaugel, Kuman, Maring, Melpa, Narak, Nii, Nomane, Salt-Yui, Sinasina, Tembagla, Wahgi, Fasu, Fiwaga, Foi, Duna, Pogaya, Dadibi, Folopa, Bilur, Fanamaket, Kandas, Konomala, Kuanua, Label, Niwer Mil, Patpatar, Ramoaaina, Siar, Sursurunga, Warwar Feni, Fembe, Gobasi, Konai, Kubo, Odoodee, Samo, Angal, Bisorio, Enga, Huli, Ipili, Kewa, Kyaka, Lembena, Samberigi, Bimin, Faiwol, Mian, Ngalum, Ninggerum, Oksapmin, Setaman, Suganga, Telefol, Tifal, Urap, Yonggom, Kaki Ae, Keoru, Opao, Orokolo, Toaripi, Tairuma, Abom, Baramu, Bitur, Tirio, Were, Finisterre?Huon, Kainantu?Goroka, Madang, Ramu?Lower Sepik, Sepik, Southeast Papuan, Torricelli, Ikobi, Omati, Rumu"
Paraguay,"23 00 S, 58 00 W",-23,-58,7025763,5,38940000000,18.1,,19,"AchÇ , Ayoreo , Chamacoco , Iyo'wujwa Chorote , Guana , Lengua , Maka , NivaclÇ , •andeva , Pai Tavytera , Sanapan† , Toba Qom , Toba-Maskoy , Portuguese, Plautdietsch, German, Italian, Spanish, Guarani"
Peru,"10 00 S, 76 00 W",-10,-76,31331228,6,2.14E+11,17.8,52,61,"Achuar, Aguaruna, Amahuaca, Amuesha, Arabela, Ash†ninca, Asheninca, Yine, Axininca, Aymara, Bora, Campa de Pajonal, Candoshi, Capanahua, Caquinte, Cashinahua, Chol¢n, Muinane, Cocama-cocamilla, Coixama, Col†n, Ese'ejja, Huachipaeri, Huambisa, I§apari , Isconahua, Amarakaeri, Jaqaru, JÇbero, Hibito, Kawki, Kulina, Machiguenga, Marubo, Meneca, Murui, Nahua, Nomatsiguenga, Nonuya, NÅpode witoto, Ocaina, Cashibo, Mayo-Pisabo, Mayoruna, Olmos, Orej¢n, Quechua, Quechua, Catacaos, Res°garo, Sechura, Sharanahua, Shipibo, Spanish, Omagua, Iquito, Tikuna, Taushiro, Yagua, Urarina, Yaminawa"
Philippines,"13 00 N, 122 00 E",13,122,105893381,9,3.14E+11,20.9,145,6,"Filipino, English, Cebuano, Ilocano, hiligaynon, Bicol
, Waray, Pampango
, Pangasinan "
Pitcairn Islands,"25 04 S, 130 06 W",-25.04,-130.06,54,1,0,,84,2,"English, Pitkern "
Poland,"52 00 N, 20 00 E",52,20,38420687,13,5.25E+11,4.4,88,2,"Polish, Silesian "
Portugal,"39 30 N, 8 00 W",39.3,-8,10355493,4,2.18E+11,2.6,121,2,"Portuguese, Mirandese "
Puerto Rico,"18 15 N, 66 30 W",18.15,-66.3,3294626,2,1.04E+11,6.3,,2,"Spanish, English "
Qatar,"25 30 N, 51 15 E",25.3,51.15,2363569,6,1.67E+11,6,2,12,"Arabic, English, Baluchi, Swahili, Urdu, Hindi, Malayalam, Tamil, Telgu, Sinhala, Punjabi, Filipino"
Republic of the Congo,"1 00 S, 15 00 E",-1,15,5062021,8,8718000000,53.5,8,17,"French, Kituba, Lingala, Mboshi, Bateke, Kongo, Yombe, Suundi, Tsege, Teghe, Ngungwel, Tio, Kukwa, Fuumu, Tiene, Mfinu, Mpuno"
Romania,"46 00 N, 25 00 E",46,25,21457116,4,2.12E+11,9.2,21,3,"Romanian, Hungarian, Romani"
Russia,"60 00 N, 100 00 E",60,100,142122776,3,1.58E+12,6.7,9,61,"Abaza, Adyghe, Altai, Armenian, Azerbaijani, Bashkir, Buryat, Chechen, Chukchi, Chulym, Chuvash, Crimean Tatar, Enets , English, Erzya, Erzya, French, Georgian, German, Hill Mari, Meadow Mari, Ingrian, Ingush, Judeo-Tat, Kabardian, Kalmyk, Karachay-Balkar, Kazakh, Ket, Khakas, Komi, Kyrgyz, Lezgian, Ludian, Medny Aleut , Moksha, Moksha, Moldovan, Nivkh, Nogai, Orok , Ossetian, Russian, Rutul, Seto, Tajik, Tat, Tatar, Tofalar, Tsakhur, Turkish, Tuvan, Udege , Udmurt, Udmurt, Ukrainian, Uzbek, Veps, Votic, Yakut, Yukaghir"
Rwanda,"2 00 S, 30 00 E",-2,30,12187400,5,9136000000,29.1,19,7,"Kinyarwanda, French, English, Swahili, German, Dutch, Mashi"
Saint Barthelemy,"17 90 N, 62 85 W",17.9,-62.85,7841,3,0,12.8,17,2,"French (primary), English"
"Saint Helena, Ascension, and Tristan da Cunha","15 57 S, 5 42 W",-15.57,-5.42,53094,11,964000000,8.2,248,1,English
Saint Kitts and Nevis,"17 20 N, 62 45 W",17.2,-62.45,165510,16,1686000000,10.6,,1,English  
Saint Lucia,"13 53 N, 60 58 W",13.53,-60.58,32284,12,561500000,,,2,"English, French patois "
Saint Martin,"18 05 N, 63 57 W",18.05,-63.57,5471,4,261300000,6.4,117,4,"French, English, Dutch, French patois
, Spanish, Papiamento "
Saint Pierre and Miquelon,"46 50 N, 56 20 W",46.5,-56.2,101844,2,785000000,11.7,,1,French  
Saint Vincent and the Grenadines,"13 15 N, 61 12 W",13.15,-61.12,201316,14,841000000,18,,3,"English, Vincentian Creole English, French patois"
Samoa,"13 35 S, 172 20 W",-13.35,-172.2,33779,12,1643000000,4.3,98,4,"Samoan, Somoan, English, "
San Marino,"43 46 N, 12 25 E",43.46,12.25,204454,1,393000000,44.1,43,1,Italian
Sao Tome and Principe,"1 00 N, 7 00 E",1,7,33091113,10,6.87E+11,12.1,,8,"Portuguese, Forro, Cabo Verdian, French, Angolar, English, Lunguie, "
Saudi Arabia,"25 00 N, 45 00 E",25,45,15020945,8,21110000000,48,130,11,"Arabic, English, Baluchi, Swahili, Urdu, Hindi, Tamil, Teluhu, Malayalam, Punjabi, Sinhala"
Senegal,"14 00 N, 14 00 W",14,-14,7078110,2,41430000000,5.7,17,8,"French, Wolof, Pular, Jola, Mandinka, Serer, Soninke, "
Serbia,"44 00 N, 21 00 E",44,21,94633,10,1498000000,9.7,315,4,"Serbian, Hungarian, Bosnian, Romani"
Seychelles,"4 35 S, 55 40 E",-4.35,55.4,6312212,11,3612000000,66.7,12,4,"Seychellois Creole, English, French, "
Sierra Leone,"8 30 N, 11 30 W",8.3,-11.3,5995991,4,3.24E+11,2.3,,4,"English, Temne, Krio, "
Singapore,"1 22 N, 103 48 E",1.22,103.48,42677,7,304100000,7.9,"1,120",9,"English, Mandarin,  Chinese dialects, Hokkien, Cantonese, Teochew, Hakka, Malay, Tamil"
Sint Maarten,"18 4 N, 63 4 W",18.4,-63.4,5445040,17,95960000000,5,8,6,"English, Spanish, Creole, Dutch, Papiamento, French "
Slovakia,"48 40 N, 19 30 E",48.4,19.3,2102126,5,48870000000,1.6,,4,"Slovak, Hungarian, Roma, Ruthenian"
Slovenia,"46 07 N, 14 49 E",46.07,14.49,660121,7,1298000000,14.3,5,4,"Slovenian , Serbo-Croatian, italian, Hungarian"
Solomon Islands,"8 00 S, 159 00 E",-8,159,11259029,9,7052000000,93,7,88,"éiwoo, Amba, Anuta, 'Are'are, Arosi, Asubuo, Babatana, Baeggu, Baelelea, Bauro, Bilua, Birao, Blablanga, Bughotu, Cheke Holo, Dori'o, English, Duke, Fagani, Fataleka, Gao, Gela, Ghanongga, Ghari, Gilbertese, Gula'alaa, Hoava, Kahua, Kokota, Kusaghe, Kwaio, Kwara'ae, Laghu, Lau, Lavukaleve, Lengo, Longgu, Lovono, Luangiua, Lungga, Malango, Marovo, Mono, Nalîgo, Nanggu, NatÅgu, Oroha, Owa, Pijin, Rennellese, Ririo, Roviana, Sa'a, Savosavo, Sikaiana, Simbo, Talise, Tanema, Tanibili, Teanu, Tikopia, Toqabaqita, Touo, Ughele, Vaeakau-Taumako, Vaghua, Vangunu, Varisi, Wala, Zabana, Zazao, , , , , , , , , , , , , , , , , "
Somalia,"10 00 N, 49 00 E",10,49,55380210,2,3.49E+11,29.9,104,11,"Somali, Arabic, Italian, English, Boon, Dabarre, Garre, Jiddu, Tunni, Maay, Swahili"
South Africa,"29 00 S, 24 00 E",-29,24,10204581,8,3060000000,90.4,829,27,"Zulu, Xhosa, Afrikaans, English, Northern Sotho, Tswana, Southern Sotho, Tsonga, Swazi, Venda, Southern Ndebele,  Fanagalo, Khoe, Lobedu, Nama, Northern Ndebele, Phuthi,  Italian, Portuguese, French, German, Greek, Gujarati, Hindi, Tamil, Telugu,Urdu"
South Korea,"37 00 N, 127 30 E",37,127.3,51418097,4,1.54E+12,3,119,2,"Korean, English "
South Sudan,"8 00 N, 30 00 E",8,30,49331076,3,1.31E+12,3.3,"1,150",42,"Acholi, Aja, Avokaya, Baale, Bai, Baka, Bari, Belanda Viri, Beli, Bongo, Daasanach, Didinga, Dinka, Dongotono, English, Homa, Indri, Juba Arabic, Jur, Jur Modo, Kaligi, Kresh, Kuku, Laarim, Lango, Lokoya, Lopit, Lotuko, Mangaya, Moru, Murle, Naka, Ndogo, Nuer, Olu?bo, Opuo, Shilluk, Suri, Togoyo, Toposa, West Banda, Zande"
Spain,"40 00 N, 4 00 W",40,-4,22576592,6,87350000000,8.2,4,4,"Castilian Spanish, Catalan, Galician, Basque"
Sri Lanka,"7 00 N, 81 00 E",7,81,43120843,6,45820000000,44.2,36,4,"Sinhala, Tamil, English, "
Sudan,"15 00 N, 30 00 E",15,30,597927,2,3419000000,23.7,295,48,"Acheron , Afitti , Arabic, Belanda Bor , Beli , Dair , Dilling , Ebang , El Hugeirat , English, Eliri , Heiban , Kadaru , Kanga , Karko , Katla , Keiga , Kelo , Ko , Komo , Krongo , Lafofa , Laro , Logol , Logorik , Lumun , Mo'da , Molo , Moro , Nding , Ngile , Nuiban, Otoro , Shatt , Sillok , Shwai , Tagoi , Talodi , Temein , Tese , Tima , Tingal , Tocho , Tulishi , Tumtum , Wali , Warnang , Yulu "
Suriname,"4 00 N, 56 00 W",4,-56,2583,13,0,,120,5,"Dutch, English, Sranang Tongo, Caribbean Hindustani, Javanese
 "
Sweden,"62 00 N, 15 00 E",62,15,10040995,8,5.36E+11,2.6,,6,"Swedish, Finnish, Sami, Romani, yiddish, Meankieli "
Switzerland,"47 00 N, 8 00 E",47,8,8292809,8,6.79E+11,3.6,4,9,"German, French, Italian, English, Portuguese, Albanian, Serbo-croatian, Spanish, Romansh "
Syria,"35 00 N, 38 00 E",35,38,19454263,8,24600000000,14.4,5,6,"Arabic, Kurdish, Armeanian, Aramaic, Circassian, French "
Taiwan,"23 30 N, 121 00 E",23.3,121,23545963,5,5.73E+11,4.3,31,27,"Amis, Atayal, Bunun, Kanakanabu, Kavalan, Paiwan, Puyuma, Rukai, Saaroa, Saisiyat, Sakizaya, Seediq, Thao, Truku, Tsou, Mandarin, Hokkien, Hakka, Matsu, Japanese, Javanese, Tagalog, Vietnamese, Dutch, Spanish, Cantonese, English"
Tajikistan,"39 00 N, 71 00 E",39,71,8604882,2,7144000000,30.8,,4,"Tajik, Uzbek, Kyrgyz, Russian"
Tanzania,"6 00 S, 35 00 E",-6,35,55451343,5,51760000000,38.7,17,101,"Alagwa, Arabic, Asa, Bemba, Bena, Bungu, Burunge, Central Kilimanjaro, Datooga, Digo, Doe, English, Fipa, Gogo, Gorowa, Gweno, Ha, Hadza, Hangaza, Hehe, Holoholo, Ikizu, Ikoma, Iramba, Iraqw, Isanzu, Jita, Kabwa, Kagulu, Kami, Kara, Kerewe, Kimbu, Kinga, Kisankasa, Kisi, Kuria, Kutu, Kw?adza, Kwavi, Kwaya, Kwere, Lambya, Luguru, Maasai, Makhuwa, Malila, Manda, Matengo, Matumbi, Mbamba Bay, Mbugwe, Mbunga, Mediak, Mosiro, Mpoto, Mwanga, Mwera, Ndamba, Ndendeule, Ndengereko, Ndonde, Ngasa, Ngindo, Ngoni, Ngoreme, Ngulu, Nindi, Nyakyusa, Nyambo, Nyamwezi, Nyiha, Nyika, Ogiek, Omaio, Pangwa, Pogolo, Rangi, Rombo, Rusa, Safwa, Sagara, Sandawe, Sangu, Serengeti-Dorobo, Shambala, Sonjo, Suba-Simbiti, Sukuma, Sumbwa, Swahili, Turu, Vidunda, Vinza, Vwanji, Wanda, West Kilimanjaro, Yao, Zanaki, Zaramo, Zinza"
Thailand,"15 00 N, 100 00 E",15,100,68615858,4,4.55E+11,9,524,4,"Thai, Malay, Burmese, "
The Gambia,"13 28 N, 16 34 W",13.28,-16.34,2092731,4,1482000000,58.4,37,16,"English, Mandinka, Wolof, Fula, Balanta, Cangin, Dyula, Karon,Kassonke, Mandjak, Pulaar, Serer, Soninke, Jola, Bainouk, Portuguese Creole"
Timor-Leste,"8 50 S, 125 55 E",-8.5,125.55,1321929,4,2775000000,33.9,142,24,"Portuguese, English Tetun Prasa, mambai, Tetun Terik, Tokodede, Waima'a, Naueti, Idate, Midiki, Atauru, Baikeno, Bekais, Bunak, Fataluku, Galoli, Habun, Idalaka, Kawaimina, Kemak, Makalero, Makasae, Makuv'a, Mambai, Tokodede"
Togo,"8 00 N, 1 10 E",8,1.1,8176449,8,4767000000,40.8,396,34,"Adele, Agotime, Aguna, Ahlon, Aja, Anii, Bago-Kusuntu, Chakosi, Dagomba, Delo, Ede, Ewe, French, Gen, Hausa, Ifä, KabiyÇ, Kabye, Kebu, Kposo, Lama, Losso, Lukpa, Mina, Moba, Mossi, Ngangam, Ntcham, Phla, Tammari, Tem, Waci, Wudu, Yoruba"
Tokelau,"9 00 S, 172 00 W",-9,-172,1285,5,0,,,5,"Tokelauan, English, Samoan, Tuvaluan, Kiribati "
Tonga,"20 00 S, 175 00 W",-20,-175,106398,12,455000000,10.9,52,2,"Tongan, English "
Trinidad and Tobago,"11 00 N, 61 00 W",11,-61,1215527,13,22780000000,21.6,67,6,"English, Trinidadian Creole English, Caribbean Hindustani, Trinidadian Creole French, Spanish, Chinese "
Tunisia,"34 00 N, 9 00 E",34,9,11516189,5,39960000000,11.7,43,3,"Arabic, French, Berber"
Turkey,"39 00 N, 35 00 E",39,35,81257239,2,8.52E+11,16.9,17,30,"Turkish  , Kurdish,  Arabic, Zazki, Laz, Circassian, Armenian, Greek, Coptic, English, Bulgarian, Romani, Azerbaijani,Kabardani, Georgian, Albanian, Uyghur, Kyrgyz, Uzbek, Bosnian, Turkmen, Ladino, Aramaic, Lazuri, Tatar, Ossetian, Abkhaz, Adyghe, Balkan Gagauz, Domari"
Turkmenistan,"40 00 N, 60 00 E",40,60,5411012,3,37930000000,33.1,7,3,"Turkmen, Russian, Uzbek"
Turks and Caicos Islands,"21 45 N, 71 35 W",21.45,-71.35,53701,8,0,9.8,,1,English
Tuvalu,"8 00 S, 178 00 E",-8,178,11147,9,40000000,28.2,,4,"Tuvaluan, English, Samoan, Kiribati"
Uganda,"1 00 N, 32 00 E",1,32,40853749,8,26620000000,54.6,375,42,"Acholi, Adhola, Alur, Amba, Aringa, Bari, Elgon, English, Gungu, Gwere, Ik, Karamojong, Khayo, Khayo, Kiga, Kinyarwanda, Kitara, Kuku, Lango, Luganda, Lugbara, Luhya, Marachi, Masaba, Nkore, Nkore-Kiga, Nubi, Nyang'i, Nyole, Nyoro, Oropom, Pîkoot, Ruuli, Samia, Singa, Soga, Soo, Southern Luo, Swahili, Talinga, Teso, Tooro"
Ukraine,"49 00 N, 32 00 E",49,32,43952299,8,1.12E+11,7.7,19,4,"Ukrainian, Russian, Crimean Tatar, Moldovan/Romanian
, Hungarian
 "
United Arab Emirates,"24 00 N, 54 00 E",24,54,9701315,11,3.83E+11,5.5,3,15,"Arabic, English, Hindi, Spanish, French, Italian, Chinese, Sinhala,  Telugu, Tamil, Malayam, Urdu, Pashto, Tagalog, Persian"
United Kingdom,"54 00 N, 2 00 W",54,-2,65105246,9,2.63E+12,4.2,7,21,"English, Scottish, Welsh, Irish, Cornish, Spanish, French, Italian, Portuguese, Arabic, Hindi, Punjabi, Telugu, Tamil, Sinhala, Chinese, Japanese, Korean, Nepali, Urdu, Swahili"
United States,"38 00 N, 97 00 W",38,-97,329256465,12,1.95E+13,5.7,19,166,"English, Spanish, Chinese, Tagalog, Vietnamese, Arabic, French, Korean, Russian, German, Haitian Creole, Hindi, Portuguese, Italian, Polish, Urdu, Yiddish, Japanese, Persian, Gujarati, Telugu, Bengali, Tai, Greek, Punjabi, Tamil, Armenian, Serbo-Croatian, Hebrew, Hmong, Bantu, Khmer, Navaj, Hawaiian, Navajo, Dakota, Yupik, Apache, Keres, Cherokee, Choctaw, Zuni, O'odham (Pima), Ojibwe (Chippewa), Hopi, Inupiat (Inupik), Tewa, Muskogee (Creek), Crow, Shoshoni, Cheyenne, Tiwa, Towa (Jemez), Inuit (Eskimo), Blackfoot, Sahaptin, Paiute, Athapascan, Ute, Mohawk, Seneca, Winnebago, Kiowa, Aleut, Salish, Gwich?in (Kuchin), Kickapoo, Arapaho, Tlingit, Siberian Yupik (SLI Yupik), Passamaquoddy, Comanche, Cree, Menominee, Nez Perce, Potawatomi, Hidatsa, Mesquakie (Fox), Karok, Pomo, Chinook Jargon, Oneida, Yurok, Cocopah, Hualapai, Omaha, Chiricahua, Jicarilla, Yaqui, Yokuts, Mono, Mohave, Luise§o, Shawnee, Maidu (NE Maidu), Ottawa, Algonquin, Okanogan, Osage, Wichita, Onondaga, Mi'kmaq (Micmac), Digue§o (Ipai-Kumiai-Tipai), Washo, Miwok, Lushootseed (Puget Salish), Kutenai, Miccosukee, Tuscarora, Makah, Coeur d'Alene, Hupa, Quechan (Yuma), Delaware, Clallam, Penobscot (E Abenaki), Yavapai, Cahuilla, Ponca, Quinault, Deg Xinag (Ingalit), Pawnee, Haida, Cowlitz, Mandan, Arikara, Klamath, Havasupai, Chitimacha, Abenaki (W Abenaki), Kwak'wala (Kwakiutl), Tututni (Rogue River), Iroquois, Michif (French Cree), Tsimshian, Achumawi, Chiwere, Koasati, Koyukon, Upper Chinook, Caddo, Kalapuya (Santiam), Gros Ventre (Atsina), Tachi, Maricopa, Chumash, Nomlaki, Konkow (NW Maidu), Tonkawa, Wintu, Spokane, Ahtna, Columbia (Sinkiuse), Atsugewi, Chemehuevi, Northern Paiute, Dena'ina (Tanaina), Cupe§o, Nuu-chah-nulth (Nootka), Alutiiq (Gulf Yupik), Kansa, Siuslaw, Cayuga, Serrano, Yuchi, "
Uruguay,"33 00 S, 56 00 W",-33,-56,3369299,6,59180000000,8.1,17,6,"Spanish, Cocoliche, Portuguese, Portu§ol, Italian, English"
Uzbekistan,"41 00 N, 64 00 E",41,64,30023709,3,48830000000,17.4,29,4,"Uzbek   , Russian , Tajik ,Karakalpak"
Vanuatu,"16 00 S, 167 00 E",-16,167,288037,12,870000000,13.9,72,140," Bislama, English, French, Akei, Alovas, Ande, Anejom?, Aore, Apma, Araki, Ati, Atin, Aulua, Avava, Aveteian, Avok, Axamb, Baetora, Baki, Bierebo, Bieria, Biliru, Botovro, Bura, Burmbar, Butmas-Tur, Daakaka, Daakie, Dalkalaen, Daruru, Dorig, East Ambae, Emae, Eton, Farnanto, Farsaf, Futuna-Aniwa, Hiw, Kene, Kiai, Koro, Kwamera, Lakon, Lamen, Larâvat, Lehali, Lelepa, Lemerig, Lenakel, Lendamboi, Lewo, Litzlitz, Lo-Toga, Lîyîp, Malua Bay, Mavea, Mbwenelang, Mele-Fila, Merei, Meri, Mkir, Moiso, Mores, Mota, Mwerlap, Mwesen, Mwotlap, Naha'ai, Nahavaq, Najit, Nakanamanga, Namakura, Narmoris, Nasarian, Nasvang, N?ti, Navwien, Nese, Neve'ei, Neverver, Ngen, Ninde, Niolean, Nisvai, Nitita, Nivat, Njav, Nokuku, North Ambrym, North Tanna, Nume, Olrat, Orkon, Paama, Piamatsina, Port Sandwich, Raga, Raljago, Rerep, Retlatur, Rutan, Sa, Sakao, Se, Sie, Sinia, Ske, Sîrsîrian, South Efate, Southeast Ambrym, Southwest Tanna, Sungwadaga, Sungwadia, Tamambo, Tangoa, Tape, Tholp, Tirax, Toksiki, Tolomako, Tutuba, Uliveo, Unua, Ura, Uripiv, Utaha, V'ânen Taut, Valpei, Vao, Varavara, Vera'a, Vivti, Volow, Vovo, Vunapu, Vurâs, Wailapa, West Ambae, Whitesands, Wusi"
Venezuela,"8 00 N, 66 00 W",8,-66,31689176,3,2.10E+11,11.9,125,24,"Akawaio, Baniwa, Bari, Carib, Hodi, Japreria, Jivi, Locono, Mapoyo, Panare, Pemon, Piapoco, Piaroa, Sanema, Sape, Spanish, Uruak, Warao, Wayuu, Yanomamo, Yawarana, Yek'uana, Yeral, Yukpa"
Vietnam,"16 10 N, 107 50 E",16.1,107.5,97040334,7,2.20E+11,16.7,43,7,"Vietnamese, English, French, Chinese, Khmer, Mon-Khmer, Malayo-Polynesian"
Virgin Islands,"18 20 N, 64 50 W",18.2,-64.5,106977,4,5182000000,7.7,,3,"English, Spanish, French"
Wallis and Futuna,"13 18 S, 176 12 W",-13.18,-176.12,15763,2,195000000,4.3,,3,"Wallisian, Futunian, French"
West Bank,"32 00 N, 35 15 E",32,35.15,2798494,6,9828000000,13.6,27,3,"Arabic, Hebrew, English"
Western Sahara,"24 30 N, 13 00 W",24.3,-13,619551,1,0,50.5,,6,"Arabic, Hassaniya Arabic, Moroccan Arabic, Berber, Spanish, French"
Yemen,"15 00 N, 48 00 E",15,48,28667230,6,31270000000,44.6,164,3,"Arabic , Socotri, Mahri "
Zambia,"15 00 S, 30 00 E",-15,30,16445079,6,25710000000,59.3,213,18,"Bemba , Nyanja , Tonga , Lozi , Chewa , Nsenga , Tumbuka , Lunda , Kaonde , Lala , Lamba , English, Luvale , Mambwe , Namwanga , Lenje , Bisa , Bantu"
Zimbabwe,"20 00 S, 30 00 E",-20,30,14030368,6,17640000000,31.9,458,15,"Shona, Ndebele, English, Chewa, Chibarwe, Kalanga, Koisan, Nambya, Ndau, Shangani, Sotho, Tonga, Tswana, Venda, Xhosa"
